log_id,plot_id,date,crop,location_name,temperature_Celsius,humidity_pct,advice_summary
ec7ab8bb-87f2-43dd-8259-acd39ed76636,105d03fd-462b-4725-aebd-3daa838f856f,2026-07-20,Maize,Lagos,27.7,78,"**1. Should you plant now?**
**Wait.** Soil moisture is currently low, and the next 4 days will bring very little rain. Planting today risks poor germination.

**2. Best Planting Window**
**Days 5 to "
23696d6b-c93e-4496-a90c-026d126d6495,548a3809-3785-4774-b379-a1eaa59119e0,2026-07-25,Maize,Lagos,27.7,78,"**1. Should you plant now?**
**Wait.** Current soil moisture is low, and rainfall will be very light over the next 4 days.

**2. Best planting window:**
Plant in **5 to 6 days**. This puts your seeds "
7d82fcdd-7e96-4bef-b0b3-075c2a166eaf,f929f50d-d105-4971-b0e0-052be858adff,2026-08-31,Rice,Lagos,27.7,78,"**1. Should you plant now?**  
**Wait.** Current soil moisture is low, and rainfall over the next 5 days will be very light.

**2. Best Planting Window:**  
**Days 6 to 7.** Aim to plant around Day 6 "
594b66e9-177f-4693-86ee-9c68ec73fe3a,725f23f5-3960-4c07-b6e1-5ffdf1a03697,2026-06-01,Maize,Lagos,27.7,78,"**1. Should you plant now?**  
**Wait.** Soil moisture is currently low (0.204), and the next four days will bring very little rain. 

**2. Best Planting Window:**  
Plant on **Days 5 to 6**. This all"
fee6a41d-547a-400b-8707-97548bea7734,e99fa8a2-14f8-46f0-969d-b95e5400fd06,2026-06-06,Maize,Lagos,27.7,78,"**1. Good time to plant?**  
**Wait.** Current soil moisture is low and rain will be very light over the next 3 days. 

**2. Best planting window:**  
Plant on **Days 4–5**. This times your sowing rig"
16cc5a6c-dfe9-43c7-9d14-f636aeae9a53,fe829d0f-90b3-487d-9053-af0244fbd9e8,2026-06-10,Maize,Lagos,27.7,78,"**1. Plant now?** 
**Wait a few days.** Your soil is currently dry (0.204 moisture) and rainfall over the next 4 days will be very low (under 2 mm/day). Planting today risks seed failure unless you ca"
a0a1acfe-3a78-4a8d-a7af-fcad1ba527e5,644f55b0-ffa9-4e3a-8595-cb6b8cf12725,2026-06-16,Maize,Lagos,27.7,79,"**1. Should you plant now?**
**Wait.** Current soil moisture is low, and rainfall will be very light for the next four days, which can cause poor germination.

**2. Best planting window**
Target **Day"
